,Totals,Length = 1,Length = 2,Length = 3,Length = 4,Length = 5,Length = 6,Length = 7,Length = 8,Length = 9,Length = 10,Length = 11,Length = 12,Length = 13,Length = 14,Length = 15,Length = 16,Length = 17,Length = 18,Length = 19,Length = 20,Length = 21,Length = 22,Length = 23
Gap Sum = 2,348469040044125,348469040044125,,,,,,,,,,,,,,,,,,,,,,
Gap Sum = 4,348469040044125,348469040044125,,,,,,,,,,,,,,,,,,,,,,
Gap Sum = 6,696938080088250,481192519512250,215745560576000,,,,,,,,,,,,,,,,,,,,,
Gap Sum = 8,348469040044125,155231331960250,170729855591750,22507852492125,,,,,,,,,,,,,,,,,,,,
Gap Sum = 10,464625386725500,186022750845750,233586930895500,45015704984250,,,,,,,,,,,,,,,,,,,,
Gap Sum = 12,696938080088250,151047124809308,352532466726076,177498470368674,15860018184192,,,,,,,,,,,,,,,,,,,
Gap Sum = 14,418162848052950,65082209263162,190587403415864,138703208097636,23790027276288,,,,,,,,,,,,,,,,,,,
Gap Sum = 16,348469040044125,33583362918924,134059409439228,139138360019022,39723858705076,1964048961875,,,,,,,,,,,,,,,,,,
Gap Sum = 18,696938080088250,43986950258888,216256898830336,297586912286664,127323024941112,11784293771250,,,,,,,,,,,,,,,,,,
Gap Sum = 20,464625386725500,11319407188560,83138803256520,183657460897980,146519791599840,38203110957000,1786812825600,,,,,,,,,,,,,,,,,
Gap Sum = 22,387187822271250,12059230464450,75486360596400,153197214510600,118162711648800,28282305051000,,,,,,,,,,,,,,,,,,
Gap Sum = 24,696938080088250,9941603527192,81513425694524,219957997274226,248453904385008,118309614538500,18761534668800,,,,,,,,,,,,,,,,,
Gap Sum = 26,380148043684500,2525836166522,26814466330084,94792750554366,140555613046128,90111194827500,23330128437000,2018054322900,,,,,,,,,,,,,,,,
Gap Sum = 28,418162848052950,2464296862200,28003615528200,102812013963300,155715551517400,101254083334250,25991330349600,1921956498000,,,,,,,,,,,,,,,,
Gap Sum = 30,929250773451000,1809889997932,26912046327104,135292194774696,296956338469768,302689492564250,138958283583900,25281388405350,1351139328000,,,,,,,,,,,,,,,
Gap Sum = 32,348469040044125,247086262128,4783213631016,30832656546684,87078999242872,118067359117400,78630083423430,25109081486335,3540039974240,180520360020,,,,,,,,,,,,,,
Gap Sum = 34,371700309380400,271322787174,4945716972948,31372897357782,89900608251936,126011545804680,87086087540496,28200688489512,3746394989568,165047186304,,,,,,,,,,,,,,
Gap Sum = 36,696938080088250,217005271244,4816782613708,37038674981202,129491748429176,224600019467110,196809555591012,85136378457914,17259590348896,1520018342388,48306585600,,,,,,,,,,,,,
Gap Sum = 38,368967218870250,45386801530,1274278959440,12102359944200,51608792720720,109092782641900,117316428261120,62133937256160,14370303578400,1022948706780,,,,,,,,,,,,,,
Gap Sum = 40,464625386725500,53443089864,1370647831428,12702247666902,55658919556296,125749916091030,149336960384136,90746454655892,25996987871488,2926998288864,82811289600,,,,,,,,,,,,,
Gap Sum = 42,836325696105900,28944057728,933676767916,10689972779754,58056300115632,166053131102280,259627145247156,221089925511602,98044888111888,20265126323994,1513109107500,23476980450,,,,,,,,,,,,
Gap Sum = 44,387187822271250,5319950268,215614294896,2961155364504,18643451242352,60820209288340,109205253464208,110669345722936,62841070277744,18999766942002,2696314526400,130321197600,,,,,,,,,,,,
Gap Sum = 46,365062803855750,3066631938,128792397096,1869310591884,12798370916832,46680971546760,95451555618432,110500689782784,70701016750656,23368948474968,3414776493600,145304650800,,,,,,,,,,,,
Gap Sum = 48,696938080088250,2946992784,138042473568,2244562370112,17229099638416,70343768031740,161141356067328,211013599907376,156799007349264,63761611369662,13088334899200,1146883159040,28867829760,,,,,,,,,,,
Gap Sum = 50,464625386725500,1101784032,51727656744,862110281556,6995477728728,31338762557850,82186531094160,129297320941320,122102461056960,67605731189100,20777030717300,3202619765230,201756575520,2755377000,,,,,,,,,,
Gap Sum = 52,380148043684500,224052040,14969308460,334783211370,3464969345360,18966091917640,58584384995388,104918373238966,108762711363584,63247874771592,19161044348200,2584995633020,107621498880,,,,,,,,,,,
Gap Sum = 54,696938080088250,472062000,27663586740,558566031630,5389470470440,28528475711810,88816922346252,168123926080334,195388495164496,138080439501498,57423857305300,13110432668030,1434435311520,54923848200,,,,,,,,,,
Gap Sum = 56,418162848052950,74354208,5391842556,134690156874,1592156529192,10214312077290,38168192819508,85961884122226,117994756622864,98302203872442,48964753342380,14257725657378,2354732044416,204914246304,7060365312,,,,,,,,,
Gap Sum = 58,361375300786500,55220994,4232821572,109156032414,1320058130880,8611750294800,32585519528640,74213296805760,102997233795360,86283037003860,42232088127960,11379156689412,1542437531136,95203130112,2075673600,,,,,,,,,
Gap Sum = 60,929250773451000,23160932,2266000084,74635587846,1147705687008,9483184396260,45428185334172,131527188025814,234380257856656,256900583538918,169989016283560,65253696158708,13597982643720,1400851578346,64244638976,952560000,,,,,,,,
Gap Sum = 62,360485213838750,1984774,230700632,8924138964,161581382400,1588080505920,9159627128256,32332738049472,71306292896448,98830680549624,85474924405920,45128614791984,13950624575184,2348739639860,188943039712,5210049600,,,,,,,,
Gap Sum = 64,348469040044125,2847840,312036528,11581060224,201887652088,1906588978670,10532677125564,35486645637198,74367939435432,97312608779751,78638136650380,38079422565554,10408227243840,1438789417488,82628477568,1592136000,,,,,,,,
Gap Sum = 66,774375644542500,1662744,207252840,8852297148,177987752688,1942734302580,12488517742992,49575527322328,124492748169488,199132903344402,201510610555060,126433773047486,47425165769808,10030108180236,1099099432200,56267662500,1140048000,,,,,,,
Gap Sum = 68,371700309380400,138752,26387164,1470697386,35801154008,456844967830,3384217304268,15431834149774,44705155498448,83407165309530,100213494905140,76501022286134,36026978951160,9947854137078,1482211364928,103833972000,2398156800,,,,,,,
Gap Sum = 70,557550464070600,136872,25608672,1480803360,38344245056,523796267980,4139416630716,19999099721734,60993454226864,119299436686026,150134167252320,120545172323712,60416541918384,18146238237236,3046109014648,256983702300,9991729920,205564800,,,,,,
Gap Sum = 72,696938080088250,25620,6207060,446474070,14070601440,231400222140,2195531546052,12775473732266,47249162342032,113087886122430,176008441552400,176970054224680,112849430836800,44164943703160,10075218056120,1240394957100,73906270080,1713214800,,,,,,
Gap Sum = 74,358425298331100,7462,2488892,197393202,6422594128,106944098300,1021888356456,5983476073988,22319856339136,54230351331420,86698181266120,91157083034876,62243009753568,26788761925744,6866044451168,945234679200,57036593440,807944000,,,,,,
Gap Sum = 76,368967218870250,3612,1166364,93820506,3207265208,57100606930,590199419808,3784570128864,15677949579888,42920673788970,78413653611560,95539665051508,76788597272040,39775754161806,12764530573116,2393090569470,244549427456,13218381928,364041216,,,,,
Gap Sum = 78,760296087369000,1748,807628,84863706,3498088120,71400344810,821925964596,5770993914322,25909230070352,76407701464158,149907191444380,195978750340730,169301333133384,94844637238150,33386605596512,7028259102480,817964036096,45690623236,820334592,,,,,
Gap Sum = 80,464625386725500,12,65376,11284944,611214672,15266980140,209219136192,1729211801968,9100917175904,31454177717748,72523727859880,112085568583412,115503995017032,78091369226482,33640920578888,8827407489540,1328990069344,108923785214,4949387520,119351232,,,,
Gap Sum = 82,357404143635000,2,19812,3993474,245687728,6860627424,103714329684,934861223072,5322533117532,19820154879564,49215620909848,82045101846036,91385929061832,66891395085368,31228240686804,8879587041480,1440445750028,123750850416,5560755264,137769632,,,,
Gap Sum = 84,836325696105900,12,29372,5316630,330899368,9653346976,153213698556,1451749245422,8727284119648,34597095054522,92522597115504,168756658031160,210147102550968,177049771827042,98849958737852,35331148301178,7693202883544,964025135610,68608803168,3200531288,90478080,,,
Gap Sum = 86,356968284923250,,1862,406468,30604740,1099401042,21601597158,252019255212,1844035862908,8779588880534,27854175247330,59697297700010,86837357094666,85332917922976,55757198759312,23508497768478,6097556487918,909754965522,72273438906,2839784208,39744000,,,
Gap Sum = 88,387187822271250,,312,211230,22891932,932252808,19177930860,229266087204,1713881681820,8353880581308,27239202918728,60315964033840,91237213044000,93959705053264,64963831901276,29351428021776,8297143570004,1377442988476,123387786252,5263409100,77907060,,,
Gap Sum = 90,929250773451000,48,12348,1038748,48711628,1402285734,25444226360,298055139730,2310953499900,12122575979952,43705365652100,109269640108656,189986102879618,228993303238916,189371530374690,105331094848776,38121277741650,8532263365830,1101564824110,77145324738,2956804188,47393280,,
Gap Sum = 92,365062803855750,,480,78762,5466140,205475604,4462457820,59343160112,509023955840,2930770293774,11633663742894,32312044264684,63119347593502,86529842533604,82541399993640,53937029583052,23557674997476,6641139185100,1158056206822,120909194298,7634587026,251085120,,
Gap Sum = 94,348469040044125,,732,109123,6100642,189168448,3678840166,46840445588,400445122892,2345633320462,9558369685084,27371417487244,55378777706614,79238202422558,79887519700098,56232608037510,27176827732168,8772241918188,1812573487122,226557970858,16438635660,699250568,12902400,
Gap Sum = 96,696938080088250,,144,30474,2424772,108185668,2841371092,45304775208,458092266284,3055677371688,13854547029854,43583675576322,96310128491756,150244871978178,165138503757716,126801712919840,67027348875412,23889180597992,5595499369618,842884669442,82228780464,5290164282,181452044,
Gap Sum = 98,418162848052950,,,2448,321982,19656158,646338358,12261835830,142567699090,1069198413476,5389020653602,18804419410940,46245129252858,80732726463002,99863731552706,86676381035548,51881922418122,20889843971414,5473162935038,892424556238,85007792076,4302360984,81383080,
Gap Sum = 100,464625386725500,,24,2574,226746,13328488,450959798,8993623044,111203918958,892736709576,4818657939652,17916077854738,46584006430838,85335002359664,110205588735794,99790325628306,62666500366194,26883582901518,7743595816944,1471800967284,181665856848,14436099392,727847120,19152000
Gap Sum = 102,743400618760800,,,150,38474,3938830,188636670,4752389126,70006572548,650708512966,4019117470634,17074480031512,50987823653416,108239984881840,163676639310190,175121080627702,130520163255648,66064690411012,21882451526754,4509281808658,542700768994,35418773448,1113503928,12648300
Gap Sum = 104,380148043684500,,,36,30910,2441146,91907318,2027201278,28055743566,254580413524,1570160318702,6778138319190,20911470297710,46654960355532,75557465058858,88503609046060,74121840791054,43452650972950,17230001716866,4378353103200,653652220816,49524683784,1453248000,5814000
